num,id,UniProt,NCBI,gene,type,multimer_fasta,multimer_pdb,sequence,length,fasta_link,pdb_link
1,KRT14,P02533,9606,KRT14,type_I,1,1,MTTCSRQFTSSSSMKGSCGIGGGIGGGSSRISSVLAGGSCRAPSTYGGGLSVSSSRFSSGGACGLGGGYGGGFSSSSSSFGSGFGGGYGGGLGAGLGGGFGGGFAGGDGLLVGSEKVTMQNLNDRLASYLDKVRALEEANADLEVKIRDWYQRQRPAEIKDYSPYFKTIEDLRNKILTATVDNANVLLQIDNARLAADDFRTKYETELNLRMSVEADINGLRRVLDELTLARADLEMQIESLKEELAYLKKNHEEEMNALRGQVGGDVNVEMDAAPGVDLSRILNEMRDQYEKMAEKNRKDAEEWFFTKTEELNREVATNSELVQSGKSEISELRRTMQNLEIELQSQLSMKASLENSLEETKGRYCMQLAQIQEMIGSVEEQLAQLRCEMEQQNQEYKILLDVKTRLEQEIATYRRLLEGEDAHLSSSQFSSGSQSSRDVTSSSRQIRTKVMDVHDGKVVSTHEQVLRTKN,472,https://www.uniprot.org/uniprotkb/P02533/entry,https://alphafold.ebi.ac.uk/entry/P02533
2,KRT35,Q92764,9606,KRT35,type_I,1,1,MASKCLKAGFSSGSLKSPGGASGGSTRVSAMYSSSSCKLPSLSPVARSFSACSVGLGRSSYRATSCLPALCLPAGGFATSYSGGGGWFGEGILTGNEKETMQSLNDRLAGYLEKVRQLEQENASLESRIREWCEQQVPYMCPDYQSYFRTIEELQKKTLCSKAENARLVVEIDNAKLAADDFRTKYETEVSLRQLVESDINGLRRILDDLTLCKSDLEAQVESLKEELLCLKKNHEEEVNSLRCQLGDRLNVEVDAAPPVDLNRVLEEMRCQYETLVENNRRDAEDWLDTQSEELNQQVVSSSEQLQSCQAEIIELRRTVNALEIELQAQHSMRDALESTLAETEARYSSQLAQMQCMITNVEAQLAEIRADLERQNQEYQVLLDVRARLECEINTYRGLLESEDSKLPCNPCAPDYSPSKSCLPCLPAASCGPSAARTNCSPRPICVPCPGGRF,455,https://www.uniprot.org/uniprotkb/Q92764/entry,https://alphafold.ebi.ac.uk/entry/Q92764
3,KRT84,Q9NSB2,9606,KRT84,type_II,1,1,MSCRSYRVSSGHRVGNFSSCSAMTPQNLNRFRANSVSCWSGPGFRGLGSFGSRSVITFGSYSPRIAAVGSRPIHCGVRFGAGCGMGFGDGRGVGLGPRADSCVGLGFGAGSGIGYGFGGPGFGYRVGGVGVPAAPSITAVTVNKSLLTPLNLEIDPNAQRVKKDEKEQIKTLNNKFASFIDKVRFLEQQNKLLETKWSFLQEQKCIRSNLEPLFESYITNLRRQLEVLVSDQARLQAERNHLQDVLEGFKKKYEEEVVCRANAENEFVALKKDVDAAFMNKSDLEANVDTLTQEIDFLKTLYMEEIQLLQSHISETSVIVKMDNSRDLNLDGIIAEVKAQYEEVARRSRADAEAWYQTKYEEMQVTAGQHCDNLRNIRNEINELTRLIQRLKAEIEHAKAQRAKLEAAVAEAEQQGEATLSDAKCKLADLECALQQAKQDMARQLCEYQELMNAKLGLDIEIATYRRLLEGEESRLCEGVGPVNISVSSSRGGLVCGPEPLVAGSTLSRGGVTFSGSSSVCATSGVLASCGPSLGGARVAPATGDLLSTGTRSGSMLISEACVPSVPCPLPTQGGFSSCSGGRSSSVRFVSTTTSCRTKY,600,https://www.uniprot.org/uniprotkb/Q9NSB2/entry,https://alphafold.ebi.ac.uk/entry/Q9NSB2
4,KRT85,P78386,9606,KRT85,type_II,1,1,MSCRSYRISSGCGVTRNFSSCSAVAPKTGNRCCISAAPYRGVSCYRGLTGFGSRSLCNLGSCGPRIAVGGFRAGSCGRSFGYRSGGVCGPSPPCITTVSVNESLLTPLNLEIDPNAQCVKQEEKEQIKSLNSRFAAFIDKVRFLEQQNKLLETKWQFYQNQRCCESNLEPLFSGYIETLRREAECVEADSGRLASELNHVQEVLEGYKKKYEEEVALRATAENEFVVLKKDVDCAYLRKSDLEANVEALVEESSFLRRLYEEEIRVLQAHISDTSVIVKMDNSRDLNMDCIIAEIKAQYDDVASRSRAEAESWYRSKCEEMKATVIRHGETLRRTKEEINELNRMIQRLTAEIENAKCQRAKLEAAVAEAEQQGEAALSDARCKLAELEGALQKAKQDMACLLKEYQEVMNSKLGLDIEIATYRRLLEGEEHRLCEGVGSVNVCVSSSRGGVSCGGLSYSTTPGRQITSGPSAIGGSITVVAPDSCAPCQPRSSSFSCGSSRSVRFA,507,https://www.uniprot.org/uniprotkb/P78386/entry,https://alphafold.ebi.ac.uk/entry/P78386
5,KRT83,P78385,9606,KRT83,type_II,1,1,MTCGFNSIGCGFRPGNFSCVSACGPRPSRCCITAAPYRGISCYRGLTGGFGSHSVCGGFRAGSCGRSFGYRSGGVCGPSPPCITTVSVNESLLTPLNLEIDPNAQCVKQEEKEQIKSLNSRFAAFIDKVRFLEQQNKLLETKLQFYQNRECCQSNLEPLFAGYIETLRREAECVEADSGRLASELNHVQEVLEGYKKKYEEEVALRATAENEFVALKKDVDCAYLRKSDLEANVEALIQEIDFLRRLYEEEIRILQSHISDTSVVVKLDNSRDLNMDCIVAEIKAQYDDIATRSRAEAESWYRSKCEEMKATVIRHGETLRRTKEEINELNRMIQRLTAEVENAKCQNSKLEAAVAQSEQQGEAALSDARCKLAELEGALQKAKQDMACLIREYQEVMNSKLGLDIEIATYRRLLEGEEQRLCEGVEAVNVCVSSSRGGVVCGDLCVSGSRPVTGSVCSAPCNGNLVVSTGLCKPCGQLNTTCGGGSCGQGRH,493,https://www.uniprot.org/uniprotkb/P78385/entry,https://alphafold.ebi.ac.uk/entry/P78385
6,KRT86,O43790,9606,KRT86,type_II,1,1,MTCGSYCGGRAFSCISACGPRPGRCCITAAPYRGISCYRGLTGGFGSHSVCGGFRAGSCGRSFGYRSGGVCGPSPPCITTVSVNESLLTPLNLEIDPNAQCVKQEEKEQIKSLNSRFAAFIDKVRFLEQQNKLLETKLQFYQNRECCQSNLEPLFEGYIETLRREAECVEADSGRLASELNHVQEVLEGYKKKYEEEVSLRATAENEFVALKKDVDCAYLRKSDLEANVEALIQEIDFLRRLYEEEIRVLQSHISDTSVVVKLDNSRDLNMDCIIAEIKAQYDDIVTRSRAEAESWYRSKCEEMKATVIRHGETLRRTKEEINELNRMIQRLTAEVENAKCQNSKLEAAVAQSEQQGEAALSDARCKLAELEGALQKAKQDMACLIREYQEVMNSKLGLDIEIATYRRLLEGEEQRLCEGVGSVNVCVSSSRGGVVCGDLCASTTAPVVSTRVSSVPSNSNVVVGTTNACAPSARVGVCGGSCKRC,486,https://www.uniprot.org/uniprotkb/O43790/entry#function,https://alphafold.ebi.ac.uk/entry/O43790
7,KRT82,Q9NSB4,9606,KRT82,type_II,1,1,MSYHSFQPGSRCGSQSFSSYSAVMPRMVTHYAVSKGPCRPGGGRGLRALGCLGSRSLCNVGFGRPRVASRCGGTLPGFGYRLGATCGPSACITPVTINESLLVPLALEIDPTVQRVKRDEKEQIKCLNNRFASFINKVRFLEQKNKLLETKWNFMQQQRCCQTNIEPIFEGYISALRRQLDCVSGDRVRLESELCSLQAALEGYKKKYEEELSLRPCVENEFVALKKDVDTAFLMKADLETNAEALVQEIDFLKSLYEEEICLLQSQISETSVIVKMDNSRELDVDGIIAEIKAQYDDIASRSKAEAEAWYQCRYEELRVTAGNHCDNLRNRKNEILEMNKLIQRLQQETENVKAQRCKLEGAIAEAEQQGEAALNDAKCKLAGLEEALQKAKQDMACLLKEYQEVMNSKLGLDIEIATYRRLLEGEEHRLCEGIGPVNISVSSSKGAFLYEPCGVSTPVLSTGVLRSNGGCSIVGTGELYVPCEPQGLLSCGSGRKSSMTLGAGGSSPSHKH,513,https://www.uniprot.org/uniprotkb/Q9NSB4/entry,https://alphafold.ebi.ac.uk/entry/Q9NSB4
8,KRT79,Q5XKE5,9606,KRT79,type_II,1,1,MRSSVSRQTYSTKGGFSSNSASGGSGSQARTSFSSVTVSRSSGSGGGAHCGPGTGGFGSRSLYNLGGHKSISVSVAGGALLGRALGGFGFGSRAFMGQGAGRQTFGPACPPGGIQEVTVNQSLLTPLHVEIDPEIQRVRTQEREQIKTLNNKFASFIDKVRFLEQQNKVLETKWALLQEQGQNLGVTRNNLEPLFEAYLGSMRSTLDRLQSERGRLDSELRNVQDLVEDFKNKYEDEINKHTAAENEFVVLKKDVDAAYMGRMDLHGKVGTLTQEIDFLQQLYEMELSQVQTHVSNTNVVLSMDNNRNLDLDSIIAEVKAQYELIAQRSRAEAEAWYQTKYEELQVTAGKHGDNLRDTKNEIAELTRTIQRLQGEADAAKKQCQQLQTAIAEAEQRGELALKDAQKKLGDLDVALHQAKEDLTRLLRDYQELMNVKLALDVEIATYRKLLESEESRMSGECPSAVSISVTGNSTTVCGGGAASFGGGISLGGSGGATKGGFSTNVGYSTVKGGPVSAGTSILRKTTTVKTSSQRY,535,https://www.uniprot.org/uniprotkb/Q5XKE5/entry#structure,https://alphafold.ebi.ac.uk/entry/Q5XKE5
9,KRT2,P35908,9606,KRT2,type_II,1,1,MSCQISCKSRGRGGGGGGFRGFSSGSAVVSGGSRRSTSSFSCLSRHGGGGGGFGGGGFGSRSLVGLGGTKSISISVAGGGGGFGAAGGFGGRGGGFGGGSSFGGGSGFSGGGFGGGGFGGGRFGGFGGPGGVGGLGGPGGFGPGGYPGGIHEVSVNQSLLQPLNVKVDPEIQNVKAQEREQIKTLNNKFASFIDKVRFLEQQNQVLQTKWELLQQMNVGTRPINLEPIFQGYIDSLKRYLDGLTAERTSQNSELNNMQDLVEDYKKKYEDEINKRTAAENDFVTLKKDVDNAYMIKVELQSKVDLLNQEIEFLKVLYDAEISQIHQSVTDTNVILSMDNSRNLDLDSIIAEVKAQYEEIAQRSKEEAEALYHSKYEELQVTVGRHGDSLKEIKIEISELNRVIQRLQGEIAHVKKQCKNVQDAIADAEQRGEHALKDARNKLNDLEEALQQAKEDLARLLRDYQELMNVKLALDVEIATYRKLLEGEECRMSGDLSSNVTVSVTSSTISSNVASKAAFGGSGGRGSSSGGGYSSGSSSYGSGGRQSGSRGGSGGGGSISGGGYGSGGGSGGRYGSGGGSKGGSISGGGYGSGGGKHSSGGGSRGGSSSGGGYGSGGGGSSSVKGSSGEAFGSSVTFSFR,639,https://www.uniprot.org/uniprotkb/P35908/entry,https://alphafold.ebi.ac.uk/entry/P35908
10,KRT78,Q8N1N4,9606,KRT78,type_II,1,1,MSLSPCRAQRGFSARSACSARSRGRSRGGFSSRGGFSSRSLNSFGGCLEGSRGSTWGSGGRLGVRFGEWSGGPGLSLCPPGGIQEVTINQNLLTPLKIEIDPQFQVVRTQETQEIRTLNNQFASFIDKVRFLEQQNKVLETKWHLLQQQGLSGSQQGLEPVFEACLDQLRKQLEQLQGERGALDAELKACRDQEEEYKSKYEEEAHRRATLENDFVVLKKDVDGVFLSKMELEGKLEALREYLYFLKHLNEEELGQLQTQASDTSVVLSMDNNRYLDFSSIITEVRARYEEIARSSKAEAEALYQTKYQELQVSAQLHGDRMQETKVQISQLHQEIQRLQSQTENLKKQNASLQAAITDAEQRGELALKDAQAKVDELEAALRMAKQNLARLLCEYQELTSTKLSLDVEIATYRRLLEGEECRMSGECTSQVTISSVGGSAVMSGGVGGGLGSTCGLGSGKGSPGSCCTSIVTGGSNIILGSGKDPVLDSCSVSGSSAGSSCHTILKKTVESSLKTSITY,520,https://www.uniprot.org/uniprotkb/Q8N1N4/entry,https://alphafold.ebi.ac.uk/entry/Q8N1N4
11,KRT75,O95678,9606,KRT75,type_II,1,1,MSRQSSITFQSGSRRGFSTTSAITPAAGRSRFSSVSVARSAAGSGGLGRISSAGASFGSRSLYNLGGAKRVSINGCGSSCRSGFGGRASNRFGVNSGFGYGGGVGGGFSGPSFPVCPPGGIQEVTVNQSLLTPLHLQIDPTIQRVRAEEREQIKTLNNKFASFIDKVRFLEQQNKVLETKWALLQEQGSRTVRQNLEPLFDSYTSELRRQLESITTERGRLEAELRNMQDVVEDFKVRYEDEINKRTAAENEFVALKKDVDAAYMNKVELEAKVKSLPEEINFIHSVFDAELSQLQTQVGDTSVVLSMDNNRNLDLDSIIAEVKAQYEDIANRSRAEAESWYQTKYEELQVTAGRHGDDLRNTKQEISEMNRMIQRLRAEIDSVKKQCSSLQTAIADAEQRGELALKDARAKLVDLEEALQKAKQDMARLLREYQELMNIKLALDVEIATYRKLLEGEECRLSGEGVSPVNISVVTSTLSSGYGSGSSIGGGNLGLGGGSGYSFTTSGGHSLGAGLGGSGFSATSNRGLGGSGSSVKFVSTTSSSQKSYTH,551,https://www.uniprot.org/uniprotkb/O95678/entry#structure,https://alphafold.ebi.ac.uk/entry/O95678
12,KRT36,O76013,9606,KRT36,type_I,1,1,MATQTCTPTFSTGSIKGLCGTAGGISRVSSIRSVGSCRVPSLAGAAGYISSARSGLSGLGSCLPGSYLSSECHTSGFVGSGGWFCEGSFNGSEKETMQFLNDRLANYLEKVRQLERENAELESRIQEWYEFQIPYICPDYQSYFKTIEDFQQKILLTKSENARLVLQIDNAKLAADDFRTKYETELSLRQLVEADINGLRRILDELTLCKADLEAQVESLKEELMCLKKNHEEEVSVLRCQLGDRLNVEVDAAPPVDLNKILEDMRCQYEALVENNRRDVEAWFNTQTEELNQQVVSSSEQLQCCQTEIIELRRTVNALEIELQAQHSMRNSLESTLAETEARYSSQLAQMQCLISNVEAQLSEIRCDLERQNQEYQVLLDVKARLEGEIATYRHLLEGEDCKLPPQPCATACKPVIRVPSVPPVPCVPSVPCTPAPQVGTQIRTITEEIRDGKVISSREHVQSRPL,467,https://www.uniprot.org/uniprotkb/O76013/entry,https://alphafold.ebi.ac.uk/entry/O76013
13,KRT32,Q14532,9606,KRT32,type_I,1,1,MTSSCCVTNNLQASLKSCPRPASVCSSGVNCRPELCLGYVCQPMACLPSVCLPTTFRPASCLSKTYLSSSCQAASGISGSMGPGSWYSEGAFNGNEKETMQFLNDRLASYLTRVRQLEQENAELESRIQEASHSQVLTMTPDYQSHFRTIEELQQKILCTKAENARMVVNIDNAKLAADDFRAKYEAELAMRQLVEADINGLRRILDDLTLCKADLEAQVESLKEELMCLKKNHEEEVGSLRCQLGDRLNIEVDAAPPVDLTRVLEEMRCQYEAMVEANRRDVEEWFNMQMEELNQQVATSSEQLQNYQSDIIDLRRTVNTLEIELQAQHSLRDSLENTLTESEARYSSQLAQMQCMITNVEAQLAEIRADLERQNQEYQVLLDVRARLEGEINTYRSLLENEDCKLPCNPCSTPSCTTCVPSPCVPRTVCVPRTVGMPCSPCPQGRY,448,https://www.uniprot.org/uniprotkb/Q14532/entry#structure,https://alphafold.ebi.ac.uk/entry/Q14532
14,KRT31,Q15323,9606,KRT31,type_I,1,1,MPYNFCLPSLSCRTSCSSRPCVPPSCHSCTLPGACNIPANVSNCNWFCEGSFNGSEKETMQFLNDRLASYLEKVRQLERDNAELENLIRERSQQQEPLLCPSYQSYFKTIEELQQKILCTKSENARLVVQIDNAKLAADDFRTKYQTELSLRQLVESDINGLRRILDELTLCKSDLEAQVESLKEELLCLKSNHEQEVNTLRCQLGDRLNVEVDAAPTVDLNRVLNETRSQYEALVETNRREVEQWFTTQTEELNKQVVSSSEQLQSYQAEIIELRRTVNALEIELQAQHNLRDSLENTLTESEARYSSQLSQVQSLITNVESQLAEIRSDLERQNQEYQVLLDVRARLECEINTYRSLLESEDCNLPSNPCATTNACSKPIGPCLSNPCTSCVPPAPCTPCAPRPRCGPCNSFVR,416,https://www.uniprot.org/uniprotkb/Q15323/entry#structure,https://alphafold.ebi.ac.uk/entry/Q15323
15,KRT34,O76011,9606,KRT34,type_I,1,1,MSYSCCLPSLGCRTSCSSRPCVPPSCHGYTLPGACNIPANVSNCNWFCEGSFNGSEKETMQFLNDRLASYLEKVRQLERDNAELEKLIQERSQQQEPLLCPSYQSYFKTIEELQQKILCAKAENARLVVNIDNAKLASDDFRSKYQTEQSLRLLVESDINSIRRILDELTLCKSDLESQVESLREELICLKKNHEEEVNTLRSQLGDRLNVEVDTAPTVDLNQVLNETRSQYEALVEINRREVEQWFATQTEELNKQVVSSSEQLQSCQAEIIELRRTVNALEIELQAQHNLRDSLENTLTESEAHYSSQLSQVQSLITNVESQLAEIRCDLERQNQEYQVLLDVRARLECEINTYRSLLESEDCKLPCNPCATTNASGNSCGPCGTSQKGCCN,394,https://www.uniprot.org/uniprotkb/O76011/entry#structure,https://alphafold.ebi.ac.uk/entry/O76011
16,KRT38,O76015,9606,KRT38,type_I,1,1,MTSSYSSSSCPLGCTMAPGARNVSVSPIDIGCQPGAEANIAPMCLLANVAHANRVRVGSTPLGRPSLCLPPTCHTACPLPGTCHIPGNIGICGAYGENTLNGHEKETMQFLNDRLANYLEKVRQLEQENAELEATLLERSKCHESTVCPDYQSYFHTIEELQQKILCSKAENARLIVQIDNAKLAADDFRIKLESERSLRQLVEADKCGTQKLLDDATLAKADLEAQQESLKEEQLSLKSNHEQEVKILRSQLGEKLRIELDIEPTIDLNRVLGEMRAQYEAMLETNRQDVEQWFQAQSEGISLQDMSCSEELQCCQSEILELRCTVNALEVERQAQHTLKDCLQNSLCEAEDRFGTELAQMQSLISNVEEQLSEIRADLERQNQEYQVLLDVKTRLENEIATYRNLLESEDCKLPCNPCSTSPSCVTAPCAPRPSCGPCTTCGPTCGASTTGSRF,456,https://www.uniprot.org/uniprotkb/O76015/entry#structure,https://alphafold.ebi.ac.uk/entry/O76015
17,KRT37,O76014,9606,KRT37,type_I,1,1,MTSFYSTSSCPLGCTMAPGARNVFVSPIDVGCQPVAEANAASMCLLANVAHANRVRVGSTPLGRPSLCLPPTSHTACPLPGTCHIPGNIGICGAYGKNTLNGHEKETMKFLNDRLANYLEKVRQLEQENAELETTLLERSKCHESTVCPDYQSYFRTIEELQQKILCSKAENARLIVQIDNAKLAADDFRIKLESERSLHQLVEADKCGTQKLLDDATLAKADLEAQQESLKEEQLSLKSNHEQEVKILRSQLGEKFRIELDIEPTIDLNRVLGEMRAQYEAMVETNHQDVEQWFQAQSEGISLQAMSCSEELQCCQSEILELRCTVNALEVERQAQHTLKDCLQNSLCEAEDRYGTELAQMQSLISNLEEQLSEIRADLERQNQEYQVLLDVKARLENEIATYRNLLESEDCKLPCNPCSTPASCTSCPSCGPVTGGSPSGHGASMGR,449,https://www.uniprot.org/uniprotkb/O76014/entry#structure,https://alphafold.ebi.ac.uk/entry/O76014
18,KRT6C,P48668,9606,KRT6C,type_II,1,1,MASTSTTIRSHSSSRRGFSANSARLPGVSRSGFSSISVSRSRGSGGLGGACGGAGFGSRSLYGLGGSKRISIGGGSCAISGGYGSRAGGSYGFGGAGSGFGFGGGAGIGFGLGGGAGLAGGFGGPGFPVCPPGGIQEVTVNQSLLTPLNLQIDPAIQRVRAEEREQIKTLNNKFASFIDKVRFLEQQNKVLDTKWTLLQEQGTKTVRQNLEPLFEQYINNLRRQLDSIVGERGRLDSELRNMQDLVEDLKNKYEDEINKRTAAENEFVTLKKDVDAAYMNKVELQAKADTLTDEINFLRALYDAELSQMQTHISDTSVVLSMDNNRNLDLDSIIAEVKAQYEEIAQRSRAEAESWYQTKYEELQVTAGRHGDDLRNTKQEIAEINRMIQRLRSEIDHVKKQCASLQAAIADAEQRGEMALKDAKNKLEGLEDALQKAKQDLARLLKEYQELMNVKLALDVEIATYRKLLEGEECRLNGEGVGQVNVSVVQSTISSGYGGASGVGSGLGLGGGSSYSYGSGLGIGGGFSSSSGRAIGGGLSSVGGGSSTIKYTTTSSSSRKSYKH,564,https://www.uniprot.org/uniprotkb/P48668/entry,https://alphafold.ebi.ac.uk/entry/P48668
19,KRT81,Q14533,9606,KRT81,type_II,1,1,MTCGSGFGGRAFSCISACGPRPGRCCITAAPYRGISCYRGLTGGFGSHSVCGGFRAGSCGRSFGYRSGGVCGPSPPCITTVSVNESLLTPLNLEIDPNAQCVKQEEKEQIKSLNSRFAAFIDKVRFLEQQNKLLETKLQFYQNRECCQSNLEPLFEGYIETLRREAECVEADSGRLASELNHVQEVLEGYKKKYEEEVSLRATAENEFVALKKDVDCAYLRKSDLEANVEALIQEIDFLRRLYEEEILILQSHISDTSVVVKLDNSRDLNMDCIIAEIKAQYDDIVTRSRAEAESWYRSKCEEMKATVIRHGETLRRTKEEINELNRMIQRLTAEVENAKCQNSKLEAAVAQSEQQGEAALSDARCKLAELEGALQKAKQDMACLIREYQEVMNSKLGLDIEIATYRRLLEGEEQRLCEGIGAVNVCVSSSRGGVVCGDLCVSGSRPVTGSVCSAPCNGNVAVSTGLCAPCGQLNTTCGGGSCGVGSCGISSLGVGSCGSSCRKC,505,https://www.uniprot.org/uniprotkb/Q14533/entry#structure,https://alphafold.ebi.ac.uk/entry/Q14533
20,KRT8,P05787,9606,KRT8,type_II,1,1,MSIRVTQKSYKVSTSGPRAFSSRSYTSGPGSRISSSSFSRVGSSNFRGGLGGGYGGASGMGGITAVTVNQSLLSPLVLEVDPNIQAVRTQEKEQIKTLNNKFASFIDKVRFLEQQNKMLETKWSLLQQQKTARSNMDNMFESYINNLRRQLETLGQEKLKLEAELGNMQGLVEDFKNKYEDEINKRTEMENEFVLIKKDVDEAYMNKVELESRLEGLTDEINFLRQLYEEEIRELQSQISDTSVVLSMDNSRSLDMDSIIAEVKAQYEDIANRSRAEAESMYQIKYEELQSLAGKHGDDLRRTKTEISEMNRNISRLQAEIEGLKGQRASLEAAIADAEQRGELAIKDANAKLSELEAALQRAKQDMARQLREYQELMNVKLALDIEIATYRKLLEGEESRLESGMQNMSIHTKTTSGYAGGLSSAYGGLTSPGLSYSLGSSFGSGAGSSSFSRTSSSRAVVVKKIETRDGKLVSESSDVLPK,483,https://www.uniprot.org/uniprotkb/P05787/entry#structure,https://alphafold.ebi.ac.uk/entry/P05787
21,KRT4,P19013,9606,KRT4,type_II,1,1,MIARQQCVRGGPRGFSCGSAIVGGGKRGAFSSVSMSGGAGRCSSGGFGSRSLYNLRGNKSISMSVAGSRQGACFGGAGGFGTGGFGGGFGGSFSGKGGPGFPVCPAGGIQEVTINQSLLTPLHVEIDPEIQKVRTEEREQIKLLNNKFASFIDKVQFLEQQNKVLETKWNLLQQQTTTTSSKNLEPLFETYLSVLRKQLDTLGNDKGRLQSELKTMQDSVEDFKTKYEEEINKRTAAENDFVVLKKDVDAAYLNKVELEAKVDSLNDEINFLKVLYDAELSQMQTHVSDTSVVLSMDNNRNLDLDSIIAEVRAQYEEIAQRSKAEAEALYQTKVQQLQISVDQHGDNLKNTKSEIAELNRMIQRLRAEIENIKKQCQTLQVSVADAEQRGENALKDAHSKRVELEAALQQAKEELARMLREYQELMSVKLALDIEIATYRKLLEGEEYRMSGECQSAVSISVVSGSTSTGGISGGLGSGSGFGLSSGFGSGSGSGFGFGGSVSGSSSSKIISTTTLNKRR,520,https://www.uniprot.org/uniprotkb/P19013/entry,https://alphafold.ebi.ac.uk/entry/P19013
22,KRT80,Q6KB66,9606,KRT80,type_II,1,1,MACRSCVVGFSSLSSCEVTPVGSPRPGTSGWDSCRAPGPGFSSRSLTGCWSAGTISKVTVNPGLLVPLDVKLDPAVQQLKNQEKEEMKALNDKFASLIGKVQALEQRNQLLETRWSFLQGQDSAIFDLGHLYEEYQGRLQEELRKVSQERGQLEANLLQVLEKVEEFRIRYEDEISKRTDMEFTFVQLKKDLDAECLHRTELETKLKSLESFVELMKTIYEQELKDLAAQVKDVSVTVGMDSRCHIDLSGIVEEVKAQYDAVAARSLEEAEAYSRSQLEEQAARSAEYGSSLQSSRSEIADLNVRIQKLRSQILSVKSHCLKLEENIKTAEEQGELAFQDAKTKLAQLEAALQQAKQDMARQLRKYQELMNVKLALDIEIATYRKLVEGEEGRMDSPSATVVSAVQSRCKTAASRSGLSKAPSRKKKGSKGPVIKITEMSEKYFSQESEVSE,452,https://www.uniprot.org/uniprotkb/Q6KB66/entry,https://alphafold.ebi.ac.uk/entry/Q6KB66
23,KRT77,Q7Z794,9606,KRT77,type_II,1,1,MSHQFSSQSAFSSMSRRVYSTSSSAGSGGGSPAVGSVCYARGRCGGGGYGIHGRGFGSRSLYNLGGSRSISINLMGRSTSGFCQGGGVGGFGGGRGFGVGSTGAGGFGGGGFGGAGFGTSNFGLGGFGPYCPPGGIQEVTINQSLLEPLHLEVDPEIQRIKTQEREQIMVLNNKFASFIDKVRFLEQQNQVLQTKWELLQQVNTSTGTNNLEPLLENYIGDLRRQVDLLSAEQMRQNAEVRSMQDVVEDYKSKYEDEINKRTGSENDFVVLKKDVDAAYVSKVDLESRVDTLTGEVNFLKYLFLTELSQVQTHISDTNVILSMDNNRSLDLDSIIDAVRTQYELIAQRSKDEAEALYQTKYQELQITAGRHGDDLKNSKMEIAELNRTVQRLQAEISNVKKQIEQMQSLISDAEERGEQALQDAWQKLQDLEEALQQSKEELARLLRDYQAMLGVKLSLDVEIATYRQLLEGEESRMSGELQSHVSISVQNSQVSVNGGAGGGGSYGSGGYGGGSGGGYGGGRSYRGGGARGRSGGGYGSGCGGGGGSYGGSGRSGRGSSRVQIIQTSTNTSHRRILE,578,https://www.uniprot.org/uniprotkb/Q7Z794/entry#structure,https://alphafold.ebi.ac.uk/entry/Q7Z794
24,KRT27,Q7Z3Y8,9606,KRT27,type_I,1,1,MSVRFSSTSRRLGSCGGTGSVRLSSGGAGFGAGNTCGVPGIGSGFSCAFGGSSSAGGYGGGLGGGSASCAAFTGNEHGLLSGNEKVTMQNLNDRLASYLENVRALEEANADLEQKIKGWYEKFGPGSCRGLDHDYSRYFPIIDELKNQIISATTSNAHVVLQNDNARLTADDFRLKFENELALHQSVEADINGLRRVLDELTLCRTDLEIQLETLSEELAYLKKNHEEEMKALQCAAGGNVNVEMNAAPGVDLTVLLNNMRAEYEALAEQNRRDAEAWFNEKSASLQQQISDDAGATTSARNELIEMKRTLQTLEIELQSLLATKHSLECSLTETESNYCAQLAQIQAQIGALEEQLHQVRTETEGQKLEYEQLLDIKVHLEKEIETYCLLIDGEDGSCSKSKGYGGPGNQTKDSSKTTIVKTVVEEIDPRGKVLSSRVHTVEEKSTKVNNKNEQRVSS,459,https://www.uniprot.org/uniprotkb/Q7Z3Y8/entry#structure,https://alphafold.ebi.ac.uk/entry/Q7Z3Y8
25,KRT26,Q7Z3Y9,9606,KRT26,type_I,1,1,MSFRLSGGSRRICSRTGSGRLSGGGTGFVAGNVCVGSGARSSFSCTLEGISSGGSFCNSGGGLGSGACAGFLGNEHSLLSGNEKVTMQNLNDRLASYLDHVHALEEANADLEQKIKGWYEKCEPGSSREHDHDYSRYFSVIEDLKRQIISATICNASIVLQNDNARLTADDFRLKYENELALHHSVEADTSGLRRVLDELTLCTTDLEIQCETLSEELTYLKKSHEEEMEVLQYTAGGNVNVEMNATPGVDLTVLLNNMRAEYEDLAEQNRKDAEAWFNERSATLQQQISDHEGAATAANELTELKRNLQTLEIELQSLMAVKHSYECSLAETEGNYCNQLQQIQDQIGVMEEQLQQIRTETEGQKLEYEQLLDVKIFLEKEIDIYCNLLDGEERKSKSTCYKSKGYRPVNSGNQAKDSTEETIVKTVVEELDQIGNLLSLRVHSVEEKSSKISNITVEQRVPSKAP,468,https://www.uniprot.org/uniprotkb/Q7Z3Y9/entry,https://alphafold.ebi.ac.uk/entry/Q7Z3Y9
26,KRT24,Q2M2I5,9606,KRT24,type_I,1,1,MSCSSRASSSRAGGSSSARVSAGGSSFSSGSRCGLGGSSAQGFRGGASSCSLSGGSSGAFGGSFGGGFGSCSVGGGFGGASGSGTGFGGGSSFGGVSGFGRGSGFCGSSRFSSGATGGFYSYGGGMGGGVGDGGLFSGGEKQTMQNLNDRLANYLDKVRALEEANTDLENKIKEWYDKYGPGSGDGGSGRDYSKYYSIIEDLRNQIIAATVENAGIILHIDNARLAADDFRLKYENELCLRQSVEADINGLRKVLDDLTMTRSDLEMQIESFTEELAYLRKNHEEEMKNMQGSSGGEVTVEMNAAPGTDLTKLLNDMRAQYEELAEQNRREAEERFNKQSASLQAQISTDAGAATSAKNEITELKRTLQALEIELQSQLAMKSSLEGTLADTEAGYVAQLSEIQTQISALEEEICQIWGETKCQNAEYKQLLDIKTRLEVEIETYRRLLDGEGGGSSFAEFGGRNSGSVNMGSRDLVSGDSRSGSCSGQGRDSSKTRVTKTIVEELVDGKVVSSQVSSISEVKVK,525,https://www.uniprot.org/uniprotkb/Q2M2I5/entry#structure,https://alphafold.ebi.ac.uk/entry/Q2M2I5
27,KRT28,Q7Z3Y7,9606,KRT28,type_I,1,1,MSLQFSNGSRHVCLRSGAGSVRPLNGGAGFAGSSACGGSVAGSEFSCALGGGLGSVPGGSHAGGALGNAACIGFAGSEGGLLSGNEKVTMQNLNDRLASYLDNVRALEEANAELERKIKGWYEKYGPGSCRGLDHDYSRYHLTIEDLKNKIISSTTTNANVILQIDNARLAADDFRLKYENELTLHQNVEADINGLRRVLDELTLCRTDQELQYESLSEEMTYLKKNHEEEMKALQCAAGGNVNVEMNAAPGVDLAVLLNNMRAEYEALAEQNRKDAEAWFNEKSASLQQQISHDSGAATFARSQLTEMRRTLQTLEIQLQSLMATKHSLECSLTETESNYCTQLAQIQAQIGALEEQLHQVRTETEGQKLEYEHLLDVKVHLEKEIETYCRLIDGDGNSCSKSKGFGSGSPGNSSKDLSKTTLVKTVVEELDQRGKVLSSRIHSIEEKTSKMTNGKTEQRVPF,464,https://www.uniprot.org/uniprotkb/Q7Z3Y7/entry#structure,https://alphafold.ebi.ac.uk/entry/Q7Z3Y7
28,KRT25,Q7Z3Z0,9606,KRT25,type_I,1,1,MSLRLSSASRRSCPRPTTGSLRLYGGGTSFGTGNSCGISGIGSGFSSAFGGSSSGGNTGGGNPCAGFTVNERGLLSGNEKVTMQNLNDRLASYLDSVHALEEANADLEQKIKGWYEKFGPGSCRGLDHDYSRYFPIIDDLKNQIIASTTSNANAVLQIDNARLTADDFRLKYENELALHQSVEADVNGLRRVLDEITLCRTDLEIQYETLSEEMTYLKKNHKEEMQVLQCAAGGNVNVEMNAAPGVDLTVLLNNMRAEYEALAEQNRRDAEAWFNEKSASLQQQISEDVGATTSARNELTEMKRTLQTLEIELQSLLATKHSLECSLTETESNYCAQLAQIQAQIGALEEQLHQVRTETEGQKLEYEQLLDIKLHLEKEIETYCLLIGGDDGACKSGGYKSKDYGSGNVGSQVKDPAKAIVVKKVLEEVDQRSKILTTRLHSLEEKSQSN,450,https://www.uniprot.org/uniprotkb/Q7Z3Z0/entry,https://alphafold.ebi.ac.uk/entry/Q7Z3Z0
29,KRT74,Q7RTS7,9606,KRT74,type_II,1,1,MSRQLNIKSSGDKGNFSVHSAVVPRKAVGSLASYCAAGRGAGAGFGSRSLYSLGGNRRISFNVAGGGVRAGGYGFRPGSGYGGGRASGFAGSMFGSVALGPACLSVCPPGGIHQVTVNKSLLAPLNVELDPEIQKVRAQEREQIKVLNDKFASFIDKVRFLEQQNQVLETKWELLQQLDLNNCKKNLEPILEGYISNLRKQLETLSGDRVRLDSELRSMRDLVEDYKKRYEVEINRRTTAENEFVVLKKDADAAYAVKVELQAKVDSLDKEIKFLKCLYDAEIAQIQTHASETSVILSMDNNRDLDLDSIIAEVRMHYEEIALKSKAEAEALYQTKIQELQLAASRHGDDLKHTRSEMVELNRLIQRIRCEIGNVKKQRASLETAIADAEQRGDNALKDAQAKLDELEGALHQAKEELARMLREYQELMSLKLALDMEIATYRKLLEGEECRMSGENPSSVSISVISSSSYSYHHPSSAGVDLGASAVAGSSGSTQSGQTKTTEARGGDLKDTQGKSTPASIPARKATR,529,https://www.uniprot.org/uniprotkb/Q7RTS7/entry#structure,https://alphafold.ebi.ac.uk/entry/Q7RTS7
30,KRT71,Q3SY84,9606,KRT71,type_II,1,1,MSRQFTCKSGAAAKGGFSGCSAVLSGGSSSSFRAGSKGLSGGFGSRSLYSLGGVRSLNVASGSGKSGGYGFGRGRASGFAGSMFGSVALGPVCPTVCPPGGIHQVTVNESLLAPLNVELDPEIQKVRAQEREQIKALNNKFASFIDKVRFLEQQNQVLETKWELLQQLDLNNCKNNLEPILEGYISNLRKQLETLSGDRVRLDSELRNVRDVVEDYKKRYEEEINKRTAAENEFVLLKKDVDAAYANKVELQAKVESMDQEIKFFRCLFEAEITQIQSHISDMSVILSMDNNRNLDLDSIIDEVRTQYEEIALKSKAEAEALYQTKFQELQLAAGRHGDDLKNTKNEISELTRLIQRIRSEIENVKKQASNLETAIADAEQRGDNALKDARAKLDELEGALHQAKEELARMLREYQELMSLKLALDMEIATYRKLLESEECRMSGEFPSPVSISIISSTSGGSVYGFRPSMVSGGYVANSSNCISGVCSVRGGEGRSRGSANDYKDTLGKGSSLSAPSKKTSR,523,https://www.uniprot.org/uniprotkb/Q3SY84/entry#structure,https://alphafold.ebi.ac.uk/entry/Q3SY84
31,KRT6B,P04259,9606,KRT6B,type_II,1,1,MASTSTTIRSHSSSRRGFSANSARLPGVSRSGFSSISVSRSRGSGGLGGACGGAGFGSRSLYGLGGSKRISIGGGSCAISGGYGSRAGGSYGFGGAGSGFGFGGGAGIGFGLGGGAGLAGGFGGPGFPVCPPGGIQEVTVNQSLLTPLNLQIDPAIQRVRAEEREQIKTLNNKFASFIDKVRFLEQQNKVLDTKWTLLQEQGTKTVRQNLEPLFEQYINNLRRQLDNIVGERGRLDSELRNMQDLVEDLKNKYEDEINKRTAAENEFVTLKKDVDAAYMNKVELQAKADTLTDEINFLRALYDAELSQMQTHISDTSVVLSMDNNRNLDLDSIIAEVKAQYEEIAQRSRAEAESWYQTKYEELQITAGRHGDDLRNTKQEIAEINRMIQRLRSEIDHVKKQCANLQAAIADAEQRGEMALKDAKNKLEGLEDALQKAKQDLARLLKEYQELMNVKLALDVEIATYRKLLEGEECRLNGEGVGQVNISVVQSTVSSGYGGASGVGSGLGLGGGSSYSYGSGLGVGGGFSSSSGRATGGGLSSVGGGSSTIKYTTTSSSSRKSYKH,564,https://www.uniprot.org/uniprotkb/P04259/entry#structure,https://alphafold.ebi.ac.uk/entry/P04259
32,KRT40,Q6A162,9606,KRT40,type_I,1,1,MTSDCSSTHCSPESCGTASGCAPASSCSVETACLPGTCATSRCQTPSFLSRSRGLTGCLLPCYFTGSCNSPCLVGNCAWCEDGVFTSNEKETMQFLNDRLASYLEKVRSLEETNAELESRIQEQCEQDIPMVCPDYQRYFNTIEDLQQKILCTKAENSRLAVQLDNCKLATDDFKSKYESELSLRQLLEADISSLHGILEELTLCKSDLEAHVESLKEDLLCLKKNHEEEVNLLREQLGDRLSVELDTAPTLDLNRVLDEMRCQCETVLANNRREAEEWLAVQTEELNQQQLSSAEQLQGCQMEILELKRTASALEIELQAQQSLTESLECTVAETEAQYSSQLAQIQCLIDNLENQLAEIRCDLERQNQEYQVLLDVKARLEGEINTYWGLLDSEDSRLSCSPCSTTCTSSNTCEPCSAYVICTVENCCL,431,https://www.uniprot.org/uniprotkb/Q6A162/entry#structure,https://alphafold.ebi.ac.uk/entry/Q6A162
33,KRT7,P08729,9606,KRT7,type_II,1,1,MSIHFSSPVFTSRSAAFSGRGAQVRLSSARPGGLGSSSLYGLGASRPRVAVRSAYGGPVGAGIREVTINQSLLAPLRLDADPSLQRVRQEESEQIKTLNNKFASFIDKVRFLEQQNKLLETKWTLLQEQKSAKSSRLPDIFEAQIAGLRGQLEALQVDGGRLEAELRSMQDVVEDFKNKYEDEINHRTAAENEFVVLKKDVDAAYMSKVELEAKVDALNDEINFLRTLNETELTELQSQISDTSVVLSMDNSRSLDLDGIIAEVKAQYEEMAKCSRAEAEAWYQTKFETLQAQAGKHGDDLRNTRNEISEMNRAIQRLQAEIDNIKNQRAKLEAAIAEAEERGELALKDARAKQEELEAALQRGKQDMARQLREYQELMSVKLALDIEIATYRKLLEGEESRLAGDGVGAVNISVMNSTGGSSSGGGIGLTLGGTMGSNALSFSSSAGPGLLKAYSIRTASASRRSARD,469,https://www.uniprot.org/uniprotkb/P08729/entry#structure,https://alphafold.ebi.ac.uk/entry/P08729
34,KRT39,Q6A163,9606,KRT39,type_I,1,1,MDTKGCTTTNSPSTPCQNCSRITNVSTISSNNGCHPGGLTVNNCQPAGHVLRIPWDQGCQPTPRFCRKPIYLMNNFNARFSLDDCSWYGEGINSNEKETMQILNERLANYLQKVRMLERENAELESKIQEESNKELPVLCPDYLSYYTTIEELQQKILCTKAENSRLVSQIDNTKLTADDLRAKYEAEVSLRQLVESDANGLKQILNVLTLGKADLEAQVQSLKEELLCLKNNHKEEINSLQCQLGERLDIEVTAAPSADLNQVLQEMRCQYEPIMETNRKDVEQWFNTQIEELNQQVVTSSQQQQCCQKEIIELRRSVNTLEVELQAQHRMRDSQECILTETEARYTALLTQIQSLIDNLEAQLAEIRCALERQNQEYEILLDVKSRLECEITTYRSLLESSDGKRPCYPRATKCEPSPWTSCKSGAIESTAPACTSSSPCSLKEHCSACGPLSRILVKICTITKEIKDGKVISSYEHVQPCFIIRPAKV,491,https://www.uniprot.org/uniprotkb/Q6A163/entry,https://alphafold.ebi.ac.uk/entry/Q6A163
35,KRT3,P12035,9606,KRT3,type_II,1,1,MSRQASKTSGGGSQGFSGRSAVVSGSSRMSCVAHSGGAGGGAYGFRSGAGGFGSRSLYNLGGNKSISISVAAGGSRAGGFGGGRSSCAFAGGYGGGFGSGYGGGFGGGFGGGRGMGGGFGGAGGFGGAGGFGGAGGFGGPGGFGGSGGFGGPGSLGSPGGFGPGGFPGGIQEVTINQSLLQPLNVEIDPQIGQVKAQEREQIKTLNNKFASFIDKVRFLEQQNKVLETKWNLLQQQGTSSISGTNNLEPLFENHINYLRSYLDNILGERGRLDSELKNMEDLVEDFKKKYEDEINKRTAAENEFVTLKKDVDSAYMNKVELQAKVDALIDEIDFLRTLYDAELSQMQSHISDTSVVLSMDNNRSLDLDSIIAEVRAQYEDIAQRSKAEAEALYQTKLGELQTTAGRHGDDLRNTKSEIIELNRMIQRLRAEIEGVKKQNANLQTAIAEAEQHGEMALKDANAKLQELQAALQQAKDDLARLLRDYQELMNVKLALDVEIATYRKLLEGEEYRMSGECPSAVSISVVSSSTTSASAGGYGGGYGGGMGGGLGGGFSAGGGSGSGFGRGGGGGIGGGFGGGSSGFSGGSGFGSISGARYGVSGGGFSSASNRGGSIKFSQSSQSSQRYSR,628,https://www.uniprot.org/uniprotkb/P12035/entry#structure,https://alphafold.ebi.ac.uk/entry/P12035
36,KRT5,P13647,9606,KRT5,type_II,1,1,MSRQSSVSFRSGGSRSFSTASAITPSVSRTSFTSVSRSGGGGGGGFGRVSLAGACGVGGYGSRSLYNLGGSKRISISTSGGSFRNRFGAGAGGGYGFGGGAGSGFGFGGGAGGGFGLGGGAGFGGGFGGPGFPVCPPGGIQEVTVNQSLLTPLNLQIDPSIQRVRTEEREQIKTLNNKFASFIDKVRFLEQQNKVLDTKWTLLQEQGTKTVRQNLEPLFEQYINNLRRQLDSIVGERGRLDSELRNMQDLVEDFKNKYEDEINKRTTAENEFVMLKKDVDAAYMNKVELEAKVDALMDEINFMKMFFDAELSQMQTHVSDTSVVLSMDNNRNLDLDSIIAEVKAQYEEIANRSRTEAESWYQTKYEELQQTAGRHGDDLRNTKHEISEMNRMIQRLRAEIDNVKKQCANLQNAIADAEQRGELALKDARNKLAELEEALQKAKQDMARLLREYQELMNTKLALDVEIATYRKLLEGEECRLSGEGVGPVNISVVTSSVSSGYGSGSGYGGGLGGGLGGGLGGGLAGGSSGSYYSSSSGGVGLGGGLSVGGSGFSASSGRGLGVGFGSGGGSSSSVKFVSTTSSSRKSFKS,590,https://www.uniprot.org/uniprotkb/P13647/entry#structure,https://alphafold.ebi.ac.uk/entry/P13647
37,KRT33B,Q14525,9606,KRT33B,type_I,1,1,MPYNFCLPSLSCRTSCSSRPCVPPSCHGYTLPGACNIPANVSNCNWFCEGSFNGSEKETMQFLNDRLASYLEKVRQLERDNAELENLIRERSQQQEPLLCPSYQSYFKTIEELQQKILCSKSENARLVVQIDNAKLAADDFRTKYQTEQSLRQLVESDINSLRRILDELTLCRSDLEAQMESLKEELLSLKQNHEQEVNTLRCQLGDRLNVEVDAAPAVDLNQVLNETRNQYEALVETNRREVEQWFATQTEELNKQVVSSSEQLQSYQAEIIELRRTVNALEIELQAQHNLRYSLENTLTESEARYSSQLSQVQSLITNVESQLAEIRSDLERQNQEYQVLLDVRARLECEINTYRSLLESEDCKLPSNPCATTNACEKPIGSCVTNPCGPRSRCGPCNTFGY,404,https://www.uniprot.org/uniprotkb/Q14525/entry#structure,https://alphafold.ebi.ac.uk/entry/Q14525
38,KRT73,Q86Y46,9606,KRT73,type_II,1,1,MSRQFTYKSGAAAKGGFSGCSAVLSGGSSSSYRAGGKGLSGGFSSRSLYSLGGARSISFNVASGSGWAGGYGFGRGRASGFAGSMFGSVALGSVCPSLCPPGGIHQVTINKSLLAPLNVELDPEIQKVRAQEREQIKVLNNKFASFIDKVRFLEQQNQVLETKWELLQQLDLNNCKNNLEPILEGYISNLRKQLETLSGDRVRLDSELRSVREVVEDYKKRYEEEINKRTTAENEFVVLKKDVDAAYTSKVELQAKVDALDGEIKFFKCLYEGETAQIQSHISDTSIILSMDNNRNLDLDSIIAEVRAQYEEIARKSKAEAEALYQTKFQELQLAAGRHGDDLKHTKNEISELTRLIQRLRSEIESVKKQCANLETAIADAEQRGDCALKDARAKLDELEGALQQAKEELARMLREYQELLSVKLSLDIEIATYRKLLEGEECRMSGEYTNSVSISVINSSMAGMAGTGAGFGFSNAGTYGYWPSSVSGGYSMLPGGCVTGSGNCSPRGEARTRLGSASEFRDSQGKTLALSSPTKKTMR,540,https://www.uniprot.org/uniprotkb/Q86Y46/entry#structure,https://alphafold.ebi.ac.uk/entry/Q86Y46
39,KRT13,P13646,9606,KRT13,type_I,1,1,MSLRLQSSSASYGGGFGGGSCQLGGGRGVSTCSTRFVSGGSAGGYGGGVSCGFGGGAGSGFGGGYGGGLGGGYGGGLGGGFGGGFAGGFVDFGACDGGLLTGNEKITMQNLNDRLASYLEKVRALEEANADLEVKIRDWHLKQSPASPERDYSPYYKTIEELRDKILTATIENNRVILEIDNARLAADDFRLKYENELALRQSVEADINGLRRVLDELTLSKTDLEMQIESLNEELAYMKKNHEEEMKEFSNQVVGQVNVEMDATPGIDLTRVLAEMREQYEAMAERNRRDAEEWFHTKSAELNKEVSTNTAMIQTSKTEITELRRTLQGLEIELQSQLSMKAGLENTVAETECRYALQLQQIQGLISSIEAQLSELRSEMECQNQEYKMLLDIKTRLEQEIATYRSLLEGQDAKMIGFPSSAGSVSPRSTSVTTTSSASVTTTSNASGRRTSDVRRP,458,https://www.uniprot.org/uniprotkb/P13646/entry#structure,https://alphafold.ebi.ac.uk/entry/P13646
40,KRT19,P08727,9606,KRT19,type_I,1,1,MTSYSYRQSSATSSFGGLGGGSVRFGPGVAFRAPSIHGGSGGRGVSVSSARFVSSSSSGAYGGGYGGVLTASDGLLAGNEKLTMQNLNDRLASYLDKVRALEAANGELEVKIRDWYQKQGPGPSRDYSHYYTTIQDLRDKILGATIENSRIVLQIDNARLAADDFRTKFETEQALRMSVEADINGLRRVLDELTLARTDLEMQIEGLKEELAYLKKNHEEEISTLRGQVGGQVSVEVDSAPGTDLAKILSDMRSQYEVMAEQNRKDAEAWFTSRTEELNREVAGHTEQLQMSRSEVTDLRRTLQGLEIELQSQLSMKAALEDTLAETEARFGAQLAHIQALISGIEAQLGDVRADSERQNQEYQRLMDIKSRLEQEIATYRSLLEGQEDHYNNLSASKVL,400,https://www.uniprot.org/uniprotkb/P08727/entry#structure,https://alphafold.ebi.ac.uk/entry/P08727
41,KRT12,Q99456,9606,KRT12,type_I,1,1,MDLSNNTMSLSVRTPGLSRRLSSQSVIGRPRGMSASSVGSGYGGSAFGFGASCGGGFSAASMFGSSSGFGGGSGSSMAGGLGAGYGRALGGGSFGGLGMGFGGSPGGGSLGILSGNDGGLLSGSEKETMQNLNDRLASYLDKVRALEEANTELENKIREWYETRGTGTADASQSDYSKYYPLIEDLRNKIISASIGNAQLLLQIDNARLAAEDFRMKYENELALRQGVEADINGLRRVLDELTLTRTDLEMQIESLNEELAYMKKNHEDELQSFRVGGPGEVSVEMDAAPGVDLTRLLNDMRAQYETIAEQNRKDAEAWFIEKSGELRKEISTNTEQLQSSKSEVTDLRRAFQNLEIELQSQLAMKKSLEDSLAEAEGDYCAQLSQVQQLISNLEAQLLQVRADAERQNVDHQRLLNVKARLELEIETYRRLLDGEAQGDGLEESLFVTDSKSQAQSTDSSKDPTKTRKIKTVVQEMVNGEVVSSQVQEIEELM,494,https://www.uniprot.org/uniprotkb/Q99456/entry#structure,https://alphafold.ebi.ac.uk/entry/Q99456
42,KRT9,P35527,9606,KRT9,type_I,1,1,MSCRQFSSSYLSRSGGGGGGGLGSGGSIRSSYSRFSSSGGGGGGGRFSSSSGYGGGSSRVCGRGGGGSFGYSYGGGSGGGFSASSLGGGFGGGSRGFGGASGGGYSSSGGFGGGFGGGSGGGFGGGYGSGFGGFGGFGGGAGGGDGGILTANEKSTMQELNSRLASYLDKVQALEEANNDLENKIQDWYDKKGPAAIQKNYSPYYNTIDDLKDQIVDLTVGNNKTLLDIDNTRMTLDDFRIKFEMEQNLRQGVDADINGLRQVLDNLTMEKSDLEMQYETLQEELMALKKNHKEEMSQLTGQNSGDVNVEINVAPGKDLTKTLNDMRQEYEQLIAKNRKDIENQYETQITQIEHEVSSSGQEVQSSAKEVTQLRHGVQELEIELQSQLSKKAALEKSLEDTKNRYCGQLQMIQEQISNLEAQITDVRQEIECQNQEYSLLLSIKMRLEKEIETYHNLLEGGQEDFESSGAGKIGLGGRGGSGGSYGRGSRGGSGGSYGGGGSGGGYGGGSGSRGGSGGSYGGGSGSGGGSGGGYGGGSGGGHSGGSGGGHSGGSGGNYGGGSGSGGGSGGGYGGGSGSRGGSGGSHGGGSGFGGESGGSYGGGEEASGSGGGYGGGSGKSSHS,623,https://www.uniprot.org/uniprotkb/P35527/entry#structure,https://alphafold.ebi.ac.uk/entry/P35527
43,KRT76,Q01546,9606,KRT76,type_II,1,1,MNRQVCKKSFSGRSQGFSGRSAVVSGSSRMSCVARSGGAGGGACGFRSGAGSFGSRSLYNLGSNKSISISVAAGSSRAGGFGGGRSSCGFAGGYGGGFGGSYGGGFGGGRGVGSGFGGAGGFGGAGGFGGPGVFGGPGSFGGPGGFGPGGFPGGIQEVIVNQSLLQPLNVEIDPQIGQVKAQEREQIKTLNNKFASFIDKVRFLEQQNKVLETKWELLQQQTTGSGPSSLEPCFESYISFLCKQLDSLLGERGNLEGELKSMQDLVEDFKKKYEDEINKRTAAENEFVGLKKDVDAAFMNKVELQAKVDSLTDEVSFLRTLYEMELSQMQSHASDTSVVLSMDNNRCLDLGSIIAEVRAQYEEIAQRSKSEAEALYQTKLGELQTTAGRHGDDLRNTKSEIMELNRMIQRLRAEIENVKKQNANLQTAIAEAEQRGEMALKDANAKLQDLQTALQKAKDDLARLLRDYQELMNVKLALDVEIATYRKLLEGEECRMSGECQSAVCISVVSNVTSTSGSSGSSRGVFGGVSGSGSGGYKGGSSSSSSSGYGVSGGSGSGYGGVSSGSTGGRGSSGSYQSSSSGSRLGGAGSISVSHSGMGSSSGSIQTSGGSGYKSGGGGSTSIRFSQTTSSSQHSSTK,638,https://www.uniprot.org/uniprotkb/Q01546/entry#structure,https://alphafold.ebi.ac.uk/entry/Q01546
44,KRT72,Q14CN4,9606,KRT72,type_II,1,1,MSRQLTHFPRGERLGFSGCSAVLSGGIGSSSASFRARVKGSASFGSKSLSCLGGSRSLALSAAARRGGGRLGGFVGTAFGSAGLGPKCPSVCPPGGIPQVTVNKSLLAPLNVEMDPEIQRVRAQEREQIKALNNKFASFIDKVRFLEQQNQVLETKWNLLQQLDLNNCRKNLEPIYEGYISNLQKQLEMLSGDGVRLDSELRNMQDLVEDYKKRYEVEINRRTAAENEFVVLKKDVDAAYMNKVELQAKVDSLTDEIKFFKCLYEGEITQIQSHISDTSIVLSMDNNRDLDLDSIIAEVRAQYEEIALKSKAEAETLYQTKIQELQVTAGQHGDDLKLTKAEISELNRLIQRIRSEIGNVKKQCADLETAIADAEQRGDCALKDARAKLDELEGALHQAKEELARMLREYQELVSLKLALDMEIATYRKLLESEECRMSGEYPNSVSISVISSTNAGAGGAGFSMGFGASSSYSYKTAAADVKTKGSCGSELKDPLAKTSGSSCATKKASR,511,https://www.uniprot.org/uniprotkb/Q14CN4/entry#structure,https://alphafold.ebi.ac.uk/entry/Q14CN4
45,KRT16,P08779,9606,KRT16,type_I,1,1,MTTCSRQFTSSSSMKGSCGIGGGIGGGSSRISSVLAGGSCRAPSTYGGGLSVSSRFSSGGACGLGGGYGGGFSSSSSFGSGFGGGYGGGLGAGFGGGLGAGFGGGFAGGDGLLVGSEKVTMQNLNDRLASYLDKVRALEEANADLEVKIRDWYQRQRPSEIKDYSPYFKTIEDLRNKIIAATIENAQPILQIDNARLAADDFRTKYEHELALRQTVEADVNGLRRVLDELTLARTDLEMQIEGLKEELAYLRKNHEEEMLALRGQTGGDVNVEMDAAPGVDLSRILNEMRDQYEQMAEKNRRDAETWFLSKTEELNKEVASNSELVQSSRSEVTELRRVLQGLEIELQSQLSMKASLENSLEETKGRYCMQLSQIQGLIGSVEEQLAQLRCEMEQQSQEYQILLDVKTRLEQEIATYRRLLEGEDAHLSSQQASGQSYSSREVFTSSSSSSSRQTRPILKEQSSSSFSQGQSS,473,https://www.uniprot.org/uniprotkb/P08779/entry#structure,https://alphafold.ebi.ac.uk/entry/P08779
46,KRT15,P19012,9606,KRT15,type_I,1,1,MTTTFLQTSSSTFGGGSTRGGSLLAGGGGFGGGSLSGGGGSRSISASSARFVSSGSGGGYGGGMRVCGFGGGAGSVFGGGFGGGVGGGFGGGFGGGDGGLLSGNEKITMQNLNDRLASYLDKVRALEEANADLEVKIHDWYQKQTPTSPECDYSQYFKTIEELRDKIMATTIDNSRVILEIDNARLAADDFRLKYENELALRQGVEADINGLRRVLDELTLARTDLEMQIEGLNEELAYLKKNHEEEMKEFSSQLAGQVNVEMDAAPGVDLTRVLAEMREQYEAMAEKNRRDVEAWFFSKTEELNKEVASNTEMIQTSKTEITDLRRTMQELEIELQSQLSMKAGLENSLAETECRYATQLQQIQGLIGGLEAQLSELRCEMEAQNQEYKMLLDIKTRLEQEIATYRSLLEGQDAKMAGIAIREASSGGGGSSSNFHINVEESVDGQVVSSHKREI,456,https://www.uniprot.org/uniprotkb/P19012/entry,https://alphafold.ebi.ac.uk/entry/P19012
47,KRT10,P13645,9606,KRT10,type_I,1,1,MSVRYSSSKHYSSSRSGGGGGGGGCGGGGGVSSLRISSSKGSLGGGFSSGGFSGGSFSRGSSGGGCFGGSSGGYGGLGGFGGGSFRGSYGSSSFGGSYGGIFGGGSFGGGSFGGGSFGGGGFGGGGFGGGFGGGFGGDGGLLSGNEKVTMQNLNDRLASYLDKVRALEESNYELEGKIKEWYEKHGNSHQGEPRDYSKYYKTIDDLKNQILNLTTDNANILLQIDNARLAADDFRLKYENEVALRQSVEADINGLRRVLDELTLTKADLEMQIESLTEELAYLKKNHEEEMKDLRNVSTGDVNVEMNAAPGVDLTQLLNNMRSQYEQLAEQNRKDAEAWFNEKSKELTTEIDNNIEQISSYKSEITELRRNVQALEIELQSQLALKQSLEASLAETEGRYCVQLSQIQAQISALEEQLQQIRAETECQNTEYQQLLDIKIRLENEIQTYRSLLEGEGSSGGGGRGGGSFGGGYGGGSSGGGSSGGGHGGGHGGSSGGGYGGGSSGGGSSGGGYGGGSSSGGHGGSSSGGYGGGSSGGGGGGYGGGSSGGGSSSGGGYGGGSSSGGHKSSSSGSVGESSSKGPRY,584,https://www.uniprot.org/uniprotkb/P13645/entry#structure,https://alphafold.ebi.ac.uk/entry/P13645
48,KRT17,Q04695,9606,KRT17,type_I,1,1,MTTSIRQFTSSSSIKGSSGLGGGSSRTSCRLSGGLGAGSCRLGSAGGLGSTLGGSSYSSCYSFGSGGGYGSSFGGVDGLLAGGEKATMQNLNDRLASYLDKVRALEEANTELEVKIRDWYQRQAPGPARDYSQYYRTIEELQNKILTATVDNANILLQIDNARLAADDFRTKFETEQALRLSVEADINGLRRVLDELTLARADLEMQIENLKEELAYLKKNHEEEMNALRGQVGGEINVEMDAAPGVDLSRILNEMRDQYEKMAEKNRKDAEDWFFSKTEELNREVATNSELVQSGKSEISELRRTMQALEIELQSQLSMKASLEGNLAETENRYCVQLSQIQGLIGSVEEQLAQLRCEMEQQNQEYKILLDVKTRLEQEIATYRRLLEGEDAHLTQYKKEPVTTRQVRTIVEEISSREQVHQTTR,432,https://www.uniprot.org/uniprotkb/Q04695/entry#structure,https://alphafold.ebi.ac.uk/entry/Q04695
49,KRT20,P35900,9606,KRT20,type_I,1,1,MDFSRRSFHRSLSSSLQAPVVSTVGMQRLGTTPSVYGGAGGRGIRISNSRHTVNYGSDLTGGGDLFVGNEKMAMQNLNDRLASYLEKVRTLEQSNSKLEVQIKQWYETNAPRAGRDYSAYYRQIEELRSQIKDAQLQNARCVLQIDNAKLAAEDFRLKYETERGIRLTVEADLQGLNKVFDDLTLHKTDLEIQIEELNKDLALLKKEHQEEVDGLHKHLGNTVNVEVDAAPGLNLGVIMNEMRQKYEVMAQKNLQEAKEQFERQTAVLQQQVTVNTEELKGTEVQLTELRRTSQSLEIELQSHLSMKESLEHTLEETKARYSSQLANLQSLLSSLEAQLMQIRSNMERQNNEYHILLDIKTRLEQEIATYRRLLEGEDVKTTEYQLSTLEERDIKKTRKIKTVVQEVVDGKVVSSEVKEVEENI,424,https://www.uniprot.org/uniprotkb/P35900/entry,https://alphafold.ebi.ac.uk/entry/P35900
50,KRT1,P04264,9606,KRT1,type_II,1,1,MSRQFSSRSGYRSGGGFSSGSAGIINYQRRTTSSSTRRSGGGGGRFSSCGGGGGSFGAGGGFGSRSLVNLGGSKSISISVARGGGRGSGFGGGYGGGGFGGGGFGGGGFGGGGIGGGGFGGFGSGGGGFGGGGFGGGGYGGGYGPVCPPGGIQEVTINQSLLQPLNVEIDPEIQKVKSREREQIKSLNNQFASFIDKVRFLEQQNQVLQTKWELLQQVDTSTRTHNLEPYFESFINNLRRRVDQLKSDQSRLDSELKNMQDMVEDYRNKYEDEINKRTNAENEFVTIKKDVDGAYMTKVDLQAKLDNLQQEIDFLTALYQAELSQMQTQISETNVILSMDNNRSLDLDSIIAEVKAQYEDIAQKSKAEAESLYQSKYEELQITAGRHGDSVRNSKIEISELNRVIQRLRSEIDNVKKQISNLQQSISDAEQRGENALKDAKNKLNDLEDALQQAKEDLARLLRDYQELMNTKLALDLEIATYRTLLEGEESRMSGECAPNVSVSVSTSHTTISGGGSRGGGGGGYGSGGSSYGSGGGSYGSGGGGGGGRGSYGSGGSSYGSGGGSYGSGGGGGGHGSYGSGSSSGGYRGGSGGGGGGSSGGRGSGGGSSGGSIGGRGSSSGGVKSSGGSSSVKFVSTTYSGVTR,644,https://www.uniprot.org/uniprotkb/P04264/entry,https://alphafold.ebi.ac.uk/entry/P04264
51,KRT6A,P02538,9606,KRT6A,type_II,1,1,MASTSTTIRSHSSSRRGFSANSARLPGVSRSGFSSVSVSRSRGSGGLGGACGGAGFGSRSLYGLGGSKRISIGGGSCAISGGYGSRAGGSYGFGGAGSGFGFGGGAGIGFGLGGGAGLAGGFGGPGFPVCPPGGIQEVTVNQSLLTPLNLQIDPTIQRVRAEEREQIKTLNNKFASFIDKVRFLEQQNKVLETKWTLLQEQGTKTVRQNLEPLFEQYINNLRRQLDSIVGERGRLDSELRGMQDLVEDFKNKYEDEINKRTAAENEFVTLKKDVDAAYMNKVELQAKADTLTDEINFLRALYDAELSQMQTHISDTSVVLSMDNNRNLDLDSIIAEVKAQYEEIAQRSRAEAESWYQTKYEELQVTAGRHGDDLRNTKQEIAEINRMIQRLRSEIDHVKKQCANLQAAIADAEQRGEMALKDAKNKLEGLEDALQKAKQDLARLLKEYQELMNVKLALDVEIATYRKLLEGEECRLNGEGVGQVNISVVQSTVSSGYGGASGVGSGLGLGGGSSYSYGSGLGVGGGFSSSSGRAIGGGLSSVGGGSSTIKYTTTSSSSRKSYKH,564,https://www.uniprot.org/uniprotkb/P02538/entry,https://alphafold.ebi.ac.uk/entry/P02538